"codnivel1","codnivel2","codnivel3","codnivel4","codnivel5","codclasse","descclasse"
2,158,159,12079,NULL,12079,"EXECUÇÃO DE TÍTULO EXTRAJUDICIAL CONTRA A FAZENDA PÚBLICA"
2,158,159,12154,NULL,12154,"EXECUÇÃO DE TÍTULO EXTRAJUDICIAL"
2,158,159,12247,NULL,12247,"EXECUÇÃO EXTRAJUDICIAL DE ALIMENTOS"
2,158,159,NULL,NULL,159,"EXECUÇÃO DE TÍTULO EXTRAJUDICIAL"
2,158,165,166,NULL,166,"INSOLVÊNCIA REQUERIDA PELO CREDOR"
2,158,165,167,NULL,167,"INSOLVÊNCIA REQUERIDA PELO DEVEDOR OU PELO ESPÓLIO"
2,158,165,NULL,NULL,165,"INSOLVÊNCIA CIVIL"
2,158,169,170,NULL,170,"EMBARGOS À ADJUDICAÇÃO"
2,158,169,171,NULL,171,"EMBARGOS À ARREMATAÇÃO"
2,158,169,172,NULL,172,"EMBARGOS À EXECUÇÃO"
2,158,169,173,NULL,173,"EMBARGOS DE RETENÇÃO POR BENFEITORIAS"
2,158,169,1118,NULL,1118,"EMBARGOS À EXECUÇÃO FISCAL"
2,158,169,NULL,NULL,169,"EMBARGOS"
2,158,1068,990,NULL,990,"EXECUÇÃO DE TÍTULO EXTRAJUDICIAL"
2,158,1068,991,NULL,991,"EXECUÇÃO DE TERMO DE AJUSTE DE CONDUTA"
2,158,1068,992,NULL,992,"EXECUÇÃO DE TERMO DE CONCILIAÇÃO DE CCP"
2,158,1068,993,NULL,993,"EXECUÇÃO DE CERTIDÃO DE CRÉDITO JUDICIAL"
2,158,1068,994,NULL,994,"EXECUÇÃO PROVISÓRIA EM AUTOS SUPLEMENTARES"
2,158,1068,15187,NULL,15187,"PLANO ESPECIAL DE PAGAMENTO TRABALHISTA"
2,158,1068,NULL,NULL,1068,"PROCESSO DE EXECUÇÃO TRABALHISTA"
2,158,1111,1112,NULL,1112,"EXECUÇÃO DE ALIMENTOS"
2,158,1111,1114,NULL,1114,"EXECUÇÃO CONTRA A FAZENDA PÚBLICA"
2,158,1111,12251,NULL,12251,"EXECUÇÃO DE TÍTULO JUDICIAL - CEJUSC"
2,158,1111,NULL,NULL,1111,"EXECUÇÃO DE TÍTULO JUDICIAL"
2,158,1116,NULL,NULL,1116,"EXECUÇÃO FISCAL"
2,158,1117,NULL,NULL,1117,"EXECUÇÃO HIPOTECÁRIA DO SISTEMA FINANCEIRO DA HABITAÇÃO"
2,158,NULL,NULL,NULL,158,"PROCESSO DE EXECUÇÃO"
2,175,83,NULL,NULL,83,"CAUTELAR FISCAL"
2,175,176,NULL,NULL,176,"ALIMENTOS - PROVISIONAIS"
2,175,177,NULL,NULL,177,"APREENSÃO DE  TÍTULOS"
2,175,178,NULL,NULL,178,"ARRESTO"
2,175,179,NULL,NULL,179,"ARROLAMENTO DE BENS"
2,175,180,NULL,NULL,180,"ATENTADO"
2,175,181,NULL,NULL,181,"BUSCA E APREENSÃO"
2,175,182,NULL,NULL,182,"CAUÇÃO"
2,175,183,NULL,NULL,183,"CAUTELAR INOMINADA"
2,175,186,NULL,NULL,186,"EXIBIÇÃO"
2,175,188,NULL,NULL,188,"HOMOLOGAÇÃO DO PENHOR LEGAL"
2,175,190,NULL,NULL,190,"JUSTIFICAÇÃO"
2,175,191,NULL,NULL,191,"PROTESTO"
2,175,192,NULL,NULL,192,"POSSE EM NOME DO NASCITURO"
2,175,193,NULL,NULL,193,"PRODUÇÃO ANTECIPADA DA PROVA"
2,175,194,NULL,NULL,194,"REGULAMENTAÇÃO DE VISITAS"
2,175,195,NULL,NULL,195,"SEPARAÇÃO DE CORPOS"
2,175,196,NULL,NULL,196,"SEQÜESTRO"
2,175,1233,NULL,NULL,1233,"EFEITO SUSPENSIVO"
2,175,1289,NULL,NULL,1289,"OUTRAS MEDIDAS PROVISIONAIS"
2,175,1723,NULL,NULL,1723,"CONTRAPROTESTO JUDICIAL"
2,175,1725,NULL,NULL,1725,"NOTIFICAÇÃO"
2,175,1726,NULL,NULL,1726,"INTERPELAÇÃO"
2,175,12083,NULL,NULL,12083,"TUTELA ANTECIPADA ANTECEDENTE"
2,175,12084,NULL,NULL,12084,"TUTELA CAUTELAR ANTECEDENTE"
2,175,NULL,NULL,NULL,175,"PROCESSO CAUTELAR"
2,197,198,NULL,NULL,198,"APELAÇÃO CÍVEL"
2,197,199,NULL,NULL,199,"REMESSA NECESSÁRIA CÍVEL"
2,197,200,202,NULL,202,"AGRAVO DE INSTRUMENTO"
2,197,200,203,NULL,203,"AGRAVO DE INSTRUMENTO EM RECURSO ESPECIAL"
2,197,200,204,NULL,204,"AGRAVO DE INSTRUMENTO EM RECURSO EXTRAORDINÁRIO"
2,197,200,206,NULL,206,"AGRAVO REGIMENTAL CÍVEL"
2,197,200,1208,NULL,1208,"AGRAVO INTERNO CÍVEL"
2,197,200,14774,NULL,14774,"AGRAVO DE INSTRUMENTO EM MANDADO DE SEGURANÇA"
2,197,200,NULL,NULL,200,"AGRAVOS"
2,197,207,208,NULL,208,"EMBARGOS INFRINGENTES"
2,197,207,210,NULL,210,"EMBARGOS INFRINGENTES NA EXECUÇÃO FISCAL"
2,197,207,1689,NULL,1689,"EMBARGOS DE DECLARAÇÃO CÍVEL"
2,197,207,NULL,NULL,207,"EMBARGOS"
2,197,211,NULL,NULL,211,"RECURSO ORDINÁRIO CÍVEL"
2,197,212,NULL,NULL,212,"RECURSO EXTRAORDINÁRIO"
2,197,213,NULL,NULL,213,"RECURSO ESPECIAL"
2,197,460,NULL,NULL,460,"RECURSO INOMINADO CÍVEL"
2,197,1071,1006,NULL,1006,"EMBARGOS"
2,197,1071,1007,NULL,1007,"EMBARGOS INFRINGENTES"
2,197,1071,1008,NULL,1008,"RECURSO DE REVISTA"
2,197,1071,1009,NULL,1009,"RECURSO ORDINÁRIO TRABALHISTA"
2,197,1071,1209,1000,1000,"AGRAVO"
2,197,1071,1209,1001,1001,"AGRAVO DE INSTRUMENTO EM AGRAVO DE PETIÇÃO"
2,197,1071,1209,1002,1002,"AGRAVO DE INSTRUMENTO EM RECURSO DE REVISTA"
2,197,1071,1209,1003,1003,"AGRAVO DE INSTRUMENTO EM RECURSO ORDINÁRIO"
2,197,1071,1209,1004,1004,"AGRAVO DE PETIÇÃO"
2,197,1071,1209,1005,1005,"AGRAVO REGIMENTAL TRABALHISTA"
2,197,1071,1209,11400,11400,"AGRAVO DE INSTRUMENTO EM RECURSO ORDINÁRIO PARA O STF"
2,197,1071,1209,14775,14775,"AGRAVO DE INSTRUMENTO EM MANDADO DE SEGURANÇA"
2,197,1071,1209,NULL,1209,"AGRAVOS"
2,197,1071,1267,NULL,1267,"RECURSO DE MULTA"
2,197,1071,1685,NULL,1685,"REMESSA NECESSÁRIA TRABALHISTA"
2,197,1071,11027,NULL,11027,"REMESSA NECESSÁRIA / RECURSO ORDINÁRIO"
2,197,1071,11882,NULL,11882,"RECURSO DE REVISTA COM AGRAVO"
2,197,1071,11886,NULL,11886,"RECURSO ORDINÁRIO - RITO SUMARÍSSIMO"
2,197,1071,12760,NULL,12760,"RECURSO DE JULGAMENTO PARCIAL"
2,197,1071,NULL,NULL,1071,"RECURSOS TRABALHISTAS"
2,197,1271,NULL,NULL,1271,"RECURSO DE MEDIDA CAUTELAR CÍVEL"
2,197,1728,NULL,NULL,1728,"APELAÇÃO / REMESSA NECESSÁRIA"
2,197,10942,NULL,NULL,10942,"CORREIÇÃO PARCIAL CÍVEL"
2,197,NULL,NULL,NULL,197,"RECURSOS"
2,214,215,216,NULL,216,"INCIDENTE DE ARGUIÇÃO DE INCONSTITUCIONALIDADE CÍVEL"
2,214,215,218,NULL,218,"ASSISTÊNCIA JUDICIÁRIA"
2,214,215,221,NULL,221,"CONFLITO DE COMPETÊNCIA CÍVEL"
2,214,215,224,1230,1230,"EXCEÇÃO DE IMPEDIMENTO"
2,214,215,224,1231,1231,"EXCEÇÃO DE SUSPEIÇÃO"
2,214,215,224,1232,1232,"EXCEÇÃO DE INCOMPETÊNCIA"
2,214,215,224,NULL,224,"EXCEÇÕES"
2,214,215,228,NULL,228,"EXIBIÇÃO DE DOCUMENTO OU COISA CÍVEL"
2,214,215,230,NULL,230,"IMPUGNAÇÃO AO PEDIDO DE ASSISTÊNCIA LITISCONSORCIAL OU SIMPLES"
2,214,215,231,NULL,231,"IMPUGNAÇÃO AO VALOR DA CAUSA CÍVEL"
2,214,215,232,NULL,232,"INCIDENTE DE FALSIDADE"
2,214,215,233,NULL,233,"INCIDENTE DE UNIFORMIZAÇÃO DE JURISPRUDÊNCIA"
2,214,215,234,NULL,234,"REMOÇÃO DE INVENTARIANTE"
2,214,215,236,NULL,236,"OPOSIÇÃO"
2,214,215,457,NULL,457,"PEDIDO DE UNIFORMIZAÇÃO DE INTERPRETAÇÃO DE LEI CÍVEL"
2,214,215,1285,NULL,1285,"CONFLITO DE ATRIBUIÇÃO"
2,214,215,1702,NULL,1702,"IMPUGNAÇÃO DE ASSISTÊNCIA JUDICIÁRIA"
2,214,215,12075,NULL,12075,"PROCEDIMENTO CONCILIATÓRIO"
2,214,215,12080,NULL,12080,"INCIDENTE DE IMPEDIMENTO CÍVEL"
2,214,215,12081,NULL,12081,"INCIDENTE DE SUSPEIÇÃO CÍVEL"
2,214,215,12085,NULL,12085,"INCIDENTE DE RESOLUÇÃO DE DEMANDAS REPETITIVAS"
2,214,215,12087,NULL,12087,"INCIDENTE DE ASSUNÇÃO DE COMPETÊNCIA"
2,214,215,12119,NULL,12119,"INCIDENTE DE DESCONSIDERAÇÃO DE PERSONALIDADE JURÍDICA"
2,214,215,12153,NULL,12153,"EMBARGOS PARCIAIS À AÇÃO MONITÓRIA"
2,214,215,14991,NULL,14991,"CLASSIFICAÇÃO DE CRÉDITO PÚBLICO"
2,214,215,NULL,NULL,215,"INCIDENTES"
2,214,237,238,NULL,238,"AVOCATÓRIA"
2,214,237,239,NULL,239,"HABILITAÇÃO PARA CASAMENTO"
2,214,237,240,NULL,240,"INSTRUÇÃO DE RESCISÓRIA"
2,214,237,241,NULL,241,"PETIÇÃO CÍVEL"
2,214,237,242,NULL,242,"COMUNICAÇÃO"
2,214,237,251,NULL,251,"REGISTRO DE CASAMENTO NUNCUPATIVO"
2,214,237,1701,NULL,1701,"NOMEAÇÃO DE ADVOGADO"
2,214,237,12139,NULL,12139,"CONTESTAÇÃO EM FORO DIVERSO"
2,214,237,12357,NULL,12357,"PEDIDO DE EFEITO SUSPENSIVO À APELAÇÃO"
2,214,237,NULL,NULL,237,"ATOS E EXPEDIENTES"
2,214,257,258,NULL,258,"CARTA DE ORDEM CÍVEL"
2,214,257,261,NULL,261,"CARTA PRECATÓRIA CÍVEL"
2,214,257,264,NULL,264,"CARTA ROGATÓRIA CÍVEL"
2,214,257,12082,NULL,12082,"CARTA ARBITRAL"
2,214,257,NULL,NULL,257,"CARTAS"
2,214,1070,1072,NULL,1072,"PEDIDO DE REVISÃO DO VALOR DA CAUSA"
2,214,1070,1145,NULL,1145,"CONFLITO DE COMPETÊNCIA"
2,214,1070,12132,NULL,12132,"INCIDENTE DE JULGAMENTO DE RECURSO DE REVISTA E DE EMBARGOS REPETITIVOS"
2,214,1070,12391,NULL,12391,"INCIDENTE DE UNIFORMIZAÇÃO DE JURISPRUDÊNCIA"
2,214,1070,NULL,NULL,1070,"INCIDENTES TRABALHISTAS"
2,214,12137,NULL,NULL,12137,"REQUERIMENTO DE APREENSÃO DE VEÍCULO"
2,214,12232,NULL,NULL,12232,"AÇÃO DE PARTILHA"
2,214,15167,NULL,NULL,15167,"ACORDO DE NÃO PERSECUÇÃO CÍVEL"
2,214,15309,NULL,NULL,15309,"MEDIDAS PROTETIVAS DE URGÊNCIA (LEI MARIA DA PENHA) - CÍVEL"
2,214,NULL,NULL,NULL,214,"OUTROS PROCEDIMENTOS"
2,1106,150,151,NULL,151,"LIQUIDAÇÃO POR ARBITRAMENTO"
2,1106,150,152,NULL,152,"LIQUIDAÇÃO DE SENTENÇA PELO PROCEDIMENTO COMUM"
2,1106,150,153,NULL,153,"LIQUIDAÇÃO PROVISÓRIA POR ARBITRAMENTO"
2,1106,150,154,NULL,154,"LIQUIDAÇÃO PROVISÓRIA DE SENTENÇA PELO PROCEDIMENTO COMUM"
2,1106,150,12088,NULL,12088,"LIQUIDAÇÃO PROVISÓRIA DE SENTENÇA PELO PROCEDIMENTO COMUM"
2,1106,150,NULL,NULL,150,"PROCEDIMENTO DE LIQUIDAÇÃO"
2,1106,155,156,NULL,156,"CUMPRIMENTO DE SENTENÇA"
2,1106,155,157,NULL,157,"CUMPRIMENTO PROVISÓRIO DE SENTENÇA"
2,1106,155,229,NULL,229,"IMPUGNAÇÃO AO CUMPRIMENTO DE SENTENÇA"
2,1106,155,10980,NULL,10980,"CUMPRIMENTO PROVISÓRIO DE DECISÃO"
2,1106,155,10981,NULL,10981,"IMPUGNAÇÃO AO CUMPRIMENTO  DE DECISÃO"
2,1106,155,12078,NULL,12078,"CUMPRIMENTO DE SENTENÇA CONTRA A FAZENDA PÚBLICA"
2,1106,155,12231,NULL,12231,"CUMPRIMENTO DE SENTENÇA - LEI ARBITRAL (LEI 9.307/1996)"
2,1106,155,12246,NULL,12246,"CUMPRIMENTO DE SENTENÇA DE OBRIGAÇÃO DE PRESTAR ALIMENTOS"
2,1106,155,15160,NULL,15160,"CUMPRIMENTO DE SENTENÇA DE AÇÕES COLETIVAS"
2,1106,155,15161,NULL,15161,"CUMPRIMENTO PROVISÓRIO DE SENTENÇA DE AÇÕES COLETIVAS"
2,1106,155,15215,NULL,15215,"CUMPRIMENTO DE SENTENÇA CONTRA A FAZENDA PÚBLICA MEDIANTE EXECUÇÃO INVERTIDA"
2,1106,155,NULL,NULL,155,"PROCEDIMENTO DE CUMPRIMENTO DE SENTENÇA/DECISÃO"
2,1106,1107,7,NULL,7,"PROCEDIMENTO COMUM CÍVEL"
2,1106,1107,22,NULL,22,"PROCEDIMENTO SUMÁRIO"
2,1106,1107,26,27,27,"PROCEDIMENTOS ESPECIAIS DE JURISDIÇÃO CONTENCIOSA"
2,1106,1107,26,27,28,"ANULAÇÃO E SUBSTITUIÇÃO DE TÍTULOS AO PORTADOR"
2,1106,1107,26,27,29,"APREENSÃO E DEPÓSITO DE COISA VENDIDA COM RESERVA DE DOMÍNIO"
2,1106,1107,26,27,30,"ARROLAMENTO COMUM"
2,1106,1107,26,27,31,"ARROLAMENTO SUMÁRIO"
2,1106,1107,26,27,32,"CONSIGNAÇÃO EM PAGAMENTO"
2,1106,1107,26,27,34,"DEMARCAÇÃO / DIVISÃO"
2,1106,1107,26,27,35,"DEPÓSITO"
2,1106,1107,26,27,37,"EMBARGOS DE TERCEIRO CÍVEL"
2,1106,1107,26,27,38,"HABILITAÇÃO"
2,1106,1107,26,27,39,"INVENTÁRIO"
2,1106,1107,26,27,40,"MONITÓRIA"
2,1106,1107,26,27,41,"NUNCIAÇÃO DE OBRA NOVA"
2,1106,1107,26,27,44,"PRESTAÇÃO DE CONTAS - OFERECIDAS"
2,1106,1107,26,27,45,"AÇÃO DE EXIGIR CONTAS"
2,1106,1107,26,27,46,"RESTAURAÇÃO DE AUTOS CÍVEL"
2,1106,1107,26,27,47,"AÇÃO RESCISÓRIA"
2,1106,1107,26,27,48,"SOBREPARTILHA"
2,1106,1107,26,27,49,"USUCAPIÃO"
2,1106,1107,26,27,1707,"REINTEGRAÇÃO / MANUTENÇÃO DE POSSE"
2,1106,1107,26,27,1709,"INTERDITO PROIBITÓRIO"
2,1106,1107,26,27,12086,"DISSOLUÇÃO PARCIAL DE SOCIEDADE"
2,1106,1107,26,27,12375,"RECLAMAÇÃO"
2,1106,1107,26,27,12376,"REGULAÇÃO DE AVARIA GROSSA"
2,1106,1107,26,27,12541,"DIVÓRCIO LITIGIOSO"
2,1106,1107,26,27,12761,"HOMOLOGAÇÃO DO PENHOR LEGAL"
2,1106,1107,26,27,12763,"RECONHECIMENTO E EXTINÇÃO DE UNIÃO ESTÁVEL"
2,1106,1107,26,27,12764,"SEPARAÇÃO CONTENCIOSA"
2,1106,1107,26,27,14677,"REGULAMENTAÇÃO DA CONVIVÊNCIA FAMILIAR"
2,1106,1107,26,50,50,"PROCEDIMENTOS ESPECIAIS DE JURISDIÇÃO VOLUNTÁRIA"
2,1106,1107,26,50,51,"ABERTURA, REGISTRO E CUMPRIMENTO DE TESTAMENTO"
2,1106,1107,26,50,52,"ALIENAÇÃO JUDICIAL DE BENS"
2,1106,1107,26,50,53,"ARRECADAÇÃO DAS COISAS VAGAS"
2,1106,1107,26,50,54,"CONFIRMAÇÃO DE TESTAMENTO"
2,1106,1107,26,50,55,"DECLARAÇÃO DE AUSÊNCIA"
2,1106,1107,26,50,56,"ESPECIALIZAÇÃO DE HIPOTECA LEGAL"
2,1106,1107,26,50,57,"HERANÇA JACENTE"
2,1106,1107,26,50,58,"INTERDIÇÃO/CURATELA"
2,1106,1107,26,50,59,"ORGANIZAÇÃO E FISCALIZAÇÃO DE FUNDAÇÃO"
2,1106,1107,26,50,60,"SEPARAÇÃO CONSENSUAL"
2,1106,1107,26,50,61,"TUTELA E CURATELA -  NOMEAÇÃO"
2,1106,1107,26,50,1122,"TUTELA E CURATELA - REMOÇÃO E DISPENSA"
2,1106,1107,26,50,1294,"OUTROS PROCEDIMENTOS DE JURISDIÇÃO VOLUNTÁRIA"
2,1106,1107,26,50,1295,"ALVARÁ JUDICIAL"
2,1106,1107,26,50,12226,"NOTIFICAÇÃO"
2,1106,1107,26,50,12227,"INTERPELAÇÃO"
2,1106,1107,26,50,12228,"PROTESTO"
2,1106,1107,26,50,12229,"PROTESTO FORMADO A BORDO"
2,1106,1107,26,50,12233,"TUTELA CÍVEL"
2,1106,1107,26,50,12234,"CURATELA"
2,1106,1107,26,50,12369,"TOMADA DE DECISÃO APOIADA"
2,1106,1107,26,50,12371,"ALTERAÇÃO DE REGIME DE BENS"
2,1106,1107,26,50,12372,"DIVÓRCIO CONSENSUAL"
2,1106,1107,26,50,12373,"DIVÓRCIO LITIGIOSO"
2,1106,1107,26,50,12374,"HOMOLOGAÇÃO DA TRANSAÇÃO EXTRAJUDICIAL"
2,1106,1107,26,50,12762,"EXTINÇÃO CONSENSUAL DE UNIÃO ESTÁVEL"
2,1106,1107,26,62,62,"PROCEDIMENTOS REGIDOS POR OUTROS CÓDIGOS, LEIS ESPARSAS E REGIMENTOS"
2,1106,1107,26,62,63,"AÇÃO CIVIL COLETIVA"
2,1106,1107,26,62,64,"AÇÃO CIVIL DE IMPROBIDADE ADMINISTRATIVA"
2,1106,1107,26,62,65,"AÇÃO CIVIL PÚBLICA"
2,1106,1107,26,62,66,"AÇÃO POPULAR"
2,1106,1107,26,62,69,"ALIMENTOS - LEI ESPECIAL Nº 5.478/68"
2,1106,1107,26,62,72,"ALTERAÇÃO DO REGIME DE BENS"
2,1106,1107,26,62,74,"ALVARÁ JUDICIAL - LEI 6858/80"
2,1106,1107,26,62,76,"APREENSÃO DE EMBARCAÇÕES"
2,1106,1107,26,62,77,"ARRIBADAS FORÇADAS"
2,1106,1107,26,62,79,"REGULAÇÃO DE AVARIA GROSSA"
2,1106,1107,26,62,80,"AVARIAS"
2,1106,1107,26,62,81,"BUSCA E APREENSÃO EM ALIENAÇÃO FIDUCIÁRIA"
2,1106,1107,26,62,82,"CANCELAMENTO DE NATURALIZAÇÃO"
2,1106,1107,26,62,84,"COBRANÇA DE CÉDULA DE CRÉDITO INDUSTRIAL"
2,1106,1107,26,62,85,"COMPROMISSO ARBITRAL"
2,1106,1107,26,62,86,"CONSIGNATÓRIA DE ALUGUÉIS"
2,1106,1107,26,62,87,"CONVERSÃO DE SEPARAÇÃO JUDICIAL EM DIVÓRCIO"
2,1106,1107,26,62,89,"DEPÓSITO DA LEI 8. 866/94"
2,1106,1107,26,62,90,"DESAPROPRIAÇÃO"
2,1106,1107,26,62,91,"DESAPROPRIAÇÃO IMÓVEL RURAL POR INTERESSE SOCIAL"
2,1106,1107,26,62,92,"DESPEJO"
2,1106,1107,26,62,93,"DESPEJO POR FALTA DE PAGAMENTO"
2,1106,1107,26,62,94,"DESPEJO POR FALTA DE PAGAMENTO CUMULADO COM COBRANÇA"
2,1106,1107,26,62,95,"DIRETA DE INCONSTITUCIONALIDADE"
2,1106,1107,26,62,96,"DISCRIMINATÓRIA"
2,1106,1107,26,62,97,"DISSOLUÇÃO E LIQUIDAÇÃO DE SOCIEDADE"
2,1106,1107,26,62,98,"DIVÓRCIO CONSENSUAL"
2,1106,1107,26,62,99,"DIVÓRCIO LITIGIOSO"
2,1106,1107,26,62,100,"DÚVIDA"
2,1106,1107,26,62,107,"EXPROPRIAÇÃO DA LEI 8.257/91"
2,1106,1107,26,62,108,"FALÊNCIA DE EMPRESÁRIOS, SOCIEDADES EMPRESÁRIAIS, MICROEMPRESAS E EMPRESAS DE PEQUENO PORTE"
2,1106,1107,26,62,110,"HABEAS DATA CÍVEL"
2,1106,1107,26,62,111,"HABILITAÇÃO DE CRÉDITO"
2,1106,1107,26,62,112,"HOMOLOGAÇÃO DE TRANSAÇÃO EXTRAJUDICIAL"
2,1106,1107,26,62,113,"IMISSÃO NA POSSE"
2,1106,1107,26,62,114,"IMPUGNAÇÃO DE CRÉDITO"
2,1106,1107,26,62,115,"INQUÉRITO EXTRAJUDICIAL"
2,1106,1107,26,62,118,"MANDADO DE INJUNÇÃO"
2,1106,1107,26,62,119,"MANDADO DE SEGURANÇA COLETIVO"
2,1106,1107,26,62,120,"MANDADO DE SEGURANÇA CÍVEL"
2,1106,1107,26,62,121,"NATURALIZAÇÃO"
2,1106,1107,26,62,122,"OPÇÃO DE NACIONALIDADE"
2,1106,1107,26,62,123,"AVERIGUAÇÃO DE PATERNIDADE"
2,1106,1107,26,62,124,"PEDIDO DE RESPOSTA OU RETIFICAÇÃO DA LEI DE IMPRENSA"
2,1106,1107,26,62,127,"PROTESTO FORMADO A BORDO"
2,1106,1107,26,62,128,"RECUPERAÇÃO EXTRAJUDICIAL"
2,1106,1107,26,62,129,"RECUPERAÇÃO JUDICIAL"
2,1106,1107,26,62,134,"REGISTRO TORRENS"
2,1106,1107,26,62,135,"RELATÓRIO FALIMENTAR"
2,1106,1107,26,62,136,"REMIÇÃO DO IMÓVEL HIPOTECADO"
2,1106,1107,26,62,137,"RENOVATÓRIA DE LOCAÇÃO"
2,1106,1107,26,62,138,"RESTITUIÇÃO DE COISA OU DINHEIRO NA FALÊNCIA DO DEVEDOR EMPRESÁRIO"
2,1106,1107,26,62,140,"REVISIONAL DE ALUGUEL"
2,1106,1107,26,62,141,"SEPARAÇÃO LITIGIOSA"
2,1106,1107,26,62,142,"SONEGADOS"
2,1106,1107,26,62,143,"SUPRIMENTO DE IDADE E/OU CONSENTIMENTO"
2,1106,1107,26,62,144,"SUSPENSÃO DE LIMINAR OU ANTECIPAÇÃO DE TUTELA"
2,1106,1107,26,62,145,"SUSPENSÃO DE EXECUÇÃO DE SENTENÇA"
2,1106,1107,26,62,244,"RECLAMAÇÃO"
2,1106,1107,26,62,1124,"JUSTIFICAÇÃO DE DINHEIRO A RISCO"
2,1106,1107,26,62,1269,"HABEAS CORPUS CÍVEL"
2,1106,1107,26,62,1296,"DECLARATÓRIA DE CONSTITUCIONALIDADE"
2,1106,1107,26,62,1297,"INTERVENÇÃO EM MUNICÍPIO"
2,1106,1107,26,62,1682,"RETIFICAÇÃO OU SUPRIMENTO OU RESTAURAÇÃO DE REGISTRO CIVIL"
2,1106,1107,26,62,1683,"RETIFICAÇÃO DE REGISTRO DE IMÓVEL"
2,1106,1107,26,62,11397,"EXTINÇÃO DAS OBRIGAÇÕES DO FALIDO"
2,1106,1107,26,62,11555,"SUSPENSÃO DE LIMINAR E DE SENTENÇA"
2,1106,1107,26,62,11556,"SUSPENSÃO DE SEGURANÇA CÍVEL"
2,1106,1107,26,62,12138,"REQUERIMENTO DE REINTEGRAÇÃO DE POSSE"
2,1106,1107,26,62,12370,"TOMADA DE DECISÃO APOIADA"
2,1106,1107,26,62,12389,"AÇÃO DE PARTILHA"
2,1106,1107,26,62,12390,"AÇÃO DE PARTILHA"
2,1106,1107,26,62,14671,"GUARDA DE FAMÍLIA"
2,1106,1107,26,62,14990,"CLASSIFICAÇÃO DE CRÉDITO PÚBLICO"
2,1106,1107,26,62,15159,"REGIME CENTRALIZADO DE EXECUÇÕES"
2,1106,1107,26,62,15217,"PROCEDIMENTO DE REPACTUAÇÃO DE DÍVIDAS (SUPERENDIVIDAMENTO)"
2,1106,1107,26,NULL,26,"PROCEDIMENTOS ESPECIAIS"
2,1106,1107,436,NULL,436,"PROCEDIMENTO DO JUIZADO ESPECIAL CÍVEL"
2,1106,1107,1067,976,976,"AÇÃO ANULATÓRIA DE CLÁUSULAS CONVENCIONAIS"
2,1106,1107,1067,980,980,"AÇÃO DE CUMPRIMENTO"
2,1106,1107,1067,985,985,"AÇÃO TRABALHISTA - RITO ORDINÁRIO"
2,1106,1107,1067,986,986,"INQUÉRITO PARA APURAÇÃO DE FALTA GRAVE"
2,1106,1107,1067,987,987,"DISSÍDIO COLETIVO"
2,1106,1107,1067,988,988,"DISSÍDIO COLETIVO DE GREVE"
2,1106,1107,1067,1125,1125,"AÇÃO TRABALHISTA - RITO SUMARÍSSIMO"
2,1106,1107,1067,1126,1126,"AÇÃO TRABALHISTA - RITO SUMÁRIO (ALÇADA)"
2,1106,1107,1067,1202,1202,"RECLAMAÇÃO"
2,1106,1107,1067,NULL,1067,"PROCEDIMENTOS TRABALHISTAS"
2,1106,1107,14695,NULL,14695,"PROCEDIMENTO DO JUIZADO ESPECIAL DA FAZENDA PÚBLICA"
2,1106,1107,NULL,NULL,1107,"PROCEDIMENTO DE CONHECIMENTO"
2,1106,NULL,NULL,NULL,1106,"PROCESSO DE CONHECIMENTO"
2,12133,12134,NULL,NULL,12134,"TUTELA CAUTELAR ANTECEDENTE"
2,12133,12135,NULL,NULL,12135,"TUTELA ANTECIPADA ANTECEDENTE"
2,12133,NULL,NULL,NULL,12133,"TUTELA PROVISÓRIA DE URGÊNCIA E TUTELA PROVISÓRIA DE EVIDÊNCIA"
2,NULL,NULL,NULL,NULL,2,"PROCESSO CÍVEL E DO TRABALHO"
5,1013,NULL,NULL,NULL,1013,"AGRAVO EM RECURSO DE HABEAS CORPUS"
5,1015,NULL,NULL,NULL,1015,"EMBARGOS DE DIVERGÊNCIA EM RECURSO DE MANDADO DE SEGURANÇA"
5,1016,NULL,NULL,NULL,1016,"EMBARGOS DE DIVERGÊNCIA EM AGRAVO REGIMENTAL"
5,1017,NULL,NULL,NULL,1017,"EMBARGOS À EXECUÇÃO EM MANDADO DE SEGURANÇA"
5,1018,NULL,NULL,NULL,1018,"EMBARGOS À EXECUÇÃO EM AÇÃO RECISORIA"
5,1019,NULL,NULL,NULL,1019,"EMBARGOS À EXECUÇÃO EM MEDIDA CAUTELAR"
5,1020,NULL,NULL,NULL,1020,"EXECUÇÃO EM AÇÃO RESCISÓRIA"
5,1021,NULL,NULL,NULL,1021,"EXECUÇÃO EM SENTENÇA ESTRANGEIRA"
5,1022,NULL,NULL,NULL,1022,"EXECUÇÃO EM SENTENÇA ESTRANGEIRA CONTESTADA"
5,1023,NULL,NULL,NULL,1023,"EXECUÇÃO EM MANDADO DE SEGURANÇA"
5,1024,NULL,NULL,NULL,1024,"EXECUÇÃO EM MEDIDA CAUTELAR"
5,1025,NULL,NULL,NULL,1025,"INCIDENTE DE DESLOCAMENTO DE COMPETÊNCIA"
5,1026,NULL,NULL,NULL,1026,"HOMOLOGAÇÃO DE DECISÃO ESTRANGEIRA"
5,1027,NULL,NULL,NULL,1027,"SENTENÇA ESTRANGEIRA CONTESTADA"
5,1028,NULL,NULL,NULL,1028,"SINDICÂNCIA"
5,1029,NULL,NULL,NULL,1029,"MANDADO DE SEGURANÇA"
5,1030,NULL,NULL,NULL,1030,"RECLAMAÇÃO"
5,1031,NULL,NULL,NULL,1031,"RECURSO ORDINÁRIO"
5,1032,NULL,NULL,NULL,1032,"RECURSO ESPECIAL"
5,1033,NULL,NULL,NULL,1033,"AÇÃO PENAL"
5,1034,NULL,NULL,NULL,1034,"INTERPELAÇÃO JUDICIAL"
5,1035,NULL,NULL,NULL,1035,"APELAÇÃO CÍVEL"
5,1036,NULL,NULL,NULL,1036,"SUSPENSÃO DE LIMINAR E DE SENTENÇA"
5,1037,NULL,NULL,NULL,1037,"EMBARGOS INFRINGENTES EM APELAÇÃO CÍVEL"
5,1038,NULL,NULL,NULL,1038,"REPRESENTAÇÃO"
5,1040,NULL,NULL,NULL,1040,"REQUISIÇÃO DE PEQUENO VALOR"
5,1042,NULL,NULL,NULL,1042,"INQUÉRITO"
5,1044,NULL,NULL,NULL,1044,"AGRAVO DE INSTRUMENTO"
5,1045,NULL,NULL,NULL,1045,"AGRAVO EM RECURSO EXTRAORDINÁRIO"
5,1046,NULL,NULL,NULL,1046,"AGRAVO EM RECURSO DE MANDADO DE SEGURANÇA"
5,1047,NULL,NULL,NULL,1047,"CARTA ROGATÓRIA"
5,1049,NULL,NULL,NULL,1049,"HABEAS DATA"
5,1053,NULL,NULL,NULL,1053,"CONFLITO DE ATRIBUIÇÃO"
5,1054,NULL,NULL,NULL,1054,"CONFLITO DE COMPETÊNCIA"
5,1057,NULL,NULL,NULL,1057,"PETIÇÃO"
5,1062,NULL,NULL,NULL,1062,"MEDIDA CAUTELAR"
5,1063,NULL,NULL,NULL,1063,"EXCEÇÃO DA VERDADE"
5,1064,NULL,NULL,NULL,1064,"REMESSA NECESSÁRIA EM HABEAS CORPUS"
5,1066,NULL,NULL,NULL,1066,"EMBARGOS INFRINGENTES EM AÇÃO RESCISÓRIA"
5,1137,NULL,NULL,NULL,1137,"EMBARGOS DE DIVERGÊNCIA EM RECURSO ESPECIAL"
5,1669,NULL,NULL,NULL,1669,"AÇÃO RESCISÓRIA"
5,1670,NULL,NULL,NULL,1670,"AÇÃO DE IMPROBIDADE ADMINISTRATIVA"
5,1671,NULL,NULL,NULL,1671,"COMUNICAÇÃO"
5,1672,NULL,NULL,NULL,1672,"EXCEÇÃO DE IMPEDIMENTO"
5,1673,NULL,NULL,NULL,1673,"EXCEÇÃO DE SUSPEIÇÃO"
5,1674,NULL,NULL,NULL,1674,"INTERVENÇÃO FEDERAL"
5,1675,NULL,NULL,NULL,1675,"MANDADO DE INJUNÇÃO"
5,1677,NULL,NULL,NULL,1677,"PRECATÓRIO"
5,1678,NULL,NULL,NULL,1678,"REVISÃO CRIMINAL"
5,1679,NULL,NULL,NULL,1679,"SUSPENSÃO DE SEGURANÇA"
5,1720,NULL,NULL,NULL,1720,"HABEAS CORPUS"
5,1721,NULL,NULL,NULL,1721,"RECURSO ORDINÁRIO EM MANDADO DE SEGURANÇA"
5,1722,NULL,NULL,NULL,1722,"RECURSO ORDINÁRIO EM HABEAS CORPUS"
5,11881,NULL,NULL,NULL,11881,"AGRAVO EM RECURSO ESPECIAL"
5,11956,NULL,NULL,NULL,11956,"EMBARGOS DE DIVERGÊNCIA EM AGRAVO EM RECURSO ESPECIAL"
5,12118,NULL,NULL,NULL,12118,"SUSPENSÃO EM INCIDENTE DE RESOLUÇÃO DE DEMANDAS REPETITIVAS"
5,12250,NULL,NULL,NULL,12250,"SUSPENSÃO EM IRDR"
5,15224,NULL,NULL,NULL,15224,"HABEAS CORPUS COLETIVO"
5,15228,NULL,NULL,NULL,15228,"QUEIXA-CRIME"
5,NULL,NULL,NULL,NULL,5,"SUPERIOR TRIBUNAL DE JUSTIÇA"
268,269,270,NULL,NULL,270,"NOTÍCIA-CRIME"
268,269,274,275,NULL,275,"NOTIFICAÇÃO PARA EXPLICAÇÕES"
268,269,274,276,NULL,276,"NOTIFICAÇÃO PARA EXPLICAÇÕES (LEI DE IMPRENSA)"
268,269,274,NULL,NULL,274,"INTERPELAÇÕES"
268,269,NULL,NULL,NULL,269,"MEDIDAS PREPARATÓRIAS"
268,277,271,272,NULL,272,"REPRESENTAÇÃO CRIMINAL/NOTÍCIA DE CRIME"
268,277,271,273,NULL,273,"PEDIDO DE ARQUIVAMENTO EM REPRESENTAÇÃO CRIMINAL"
268,277,271,NULL,NULL,271,"REPRESENTAÇÃO CRIMINAL"
268,277,278,NULL,NULL,278,"TERMO CIRCUNSTANCIADO"
268,277,279,NULL,NULL,279,"INQUÉRITO POLICIAL"
268,277,280,NULL,NULL,280,"AUTO DE PRISÃO EM FLAGRANTE"
268,277,1731,NULL,NULL,1731,"INVESTIGAÇÃO CONTRA MAGISTRADO"
268,277,1733,NULL,NULL,1733,"PROCEDIMENTO INVESTIGATÓRIO CRIMINAL (PIC-MP)"
268,277,12121,NULL,NULL,12121,"COMUNICADO DE MANDADO DE PRISÃO"
268,277,NULL,NULL,NULL,277,"PROCEDIMENTOS INVESTIGATÓRIOS"
268,281,282,NULL,NULL,282,"AÇÃO PENAL DE COMPETÊNCIA DO JÚRI"
268,281,283,NULL,NULL,283,"AÇÃO PENAL - PROCEDIMENTO ORDINÁRIO"
268,281,10943,NULL,NULL,10943,"AÇÃO PENAL - PROCEDIMENTO SUMÁRIO"
268,281,10944,NULL,NULL,10944,"AÇÃO PENAL - PROCEDIMENTO SUMARÍSSIMO"
268,281,NULL,NULL,NULL,281,"PROCEDIMENTO COMUM"
268,284,285,287,NULL,287,"CRIMES DE RESPONSABILIDADE DOS FUNCIONÁRIOS PÚBLICOS"
268,284,285,288,NULL,288,"CRIMES DE CALÚNIA, INJÚRIA E DIFAMAÇÃO DE COMPETÊNCIA DO JUIZ SINGULAR"
268,284,285,289,NULL,289,"CRIMES CONTRA A PROPRIEDADE IMATERIAL"
268,284,285,290,NULL,290,"PROCESSO SUMÁRIO (DETENÇÃO)"
268,284,285,291,NULL,291,"RESTAURAÇÃO DE AUTOS CRIMINAL"
268,284,285,11798,NULL,11798,"PROCESSO DE APLICAÇÃO DE MEDIDA DE SEGURANÇA POR FATO NÃO CRIMINOSO"
268,284,285,12394,NULL,12394,"REVISÃO CRIMINAL"
268,284,285,NULL,NULL,285,"PROCESSO ESPECIAL DO CÓDIGO DE PROCESSO PENAL"
268,284,292,293,NULL,293,"CRIMES AMBIENTAIS"
268,284,292,294,NULL,294,"CRIMES CONTRA A PROPRIEDADE INDUSTRIAL"
268,284,292,295,NULL,295,"CRIMES CONTRA A PROPRIEDADE INTELECTUAL"
268,284,292,297,NULL,297,"CRIMES DE IMPRENSA"
268,284,292,299,NULL,299,"PROCEDIMENTO DO JUIZADO ESPECIAL CRIMINAL - SUMARIÍSSIMO"
268,284,292,300,NULL,300,"PROCEDIMENTO ESPECIAL DA LEI ANTITÓXICOS"
268,284,292,302,NULL,302,"PROCEDIMENTO ESPECIAL DOS CRIMES DE ABUSO DE AUTORIDADE"
268,284,292,1710,NULL,1710,"MANDADO DE SEGURANÇA CRIMINAL"
268,284,292,12122,NULL,12122,"RECLAMAÇÃO CRIMINAL"
268,284,292,14701,NULL,14701,"HABEAS DATA CRIMINAL"
268,284,292,NULL,NULL,292,"PROCESSO ESPECIAL DE LEIS ESPARSAS"
268,284,NULL,NULL,NULL,284,"PROCESSO ESPECIAL"
268,303,304,305,NULL,305,"LIBERDADE PROVISÓRIA COM OU SEM FIANÇA"
268,303,304,306,NULL,306,"RELAXAMENTO DE PRISÃO"
268,303,304,NULL,NULL,304,"LIBERDADE"
268,303,307,NULL,NULL,307,"HABEAS CORPUS CRIMINAL"
268,303,NULL,NULL,NULL,303,"MEDIDAS GARANTIDORAS"
268,308,309,NULL,NULL,309,"PEDIDO DE BUSCA E APREENSÃO CRIMINAL"
268,308,310,NULL,NULL,310,"PEDIDO DE QUEBRA DE SIGILO DE DADOS E/OU TELEFÔNICO"
268,308,311,NULL,NULL,311,"MEDIDAS INVESTIGATÓRIAS SOBRE ORGANIZAÇÕES CRIMINOSAS"
268,308,312,313,NULL,313,"PEDIDO DE PRISÃO PREVENTIVA"
268,308,312,314,NULL,314,"PEDIDO DE PRISÃO TEMPORÁRIA"
268,308,312,315,NULL,315,"PEDIDO DE PRISÃO/ LIBERDADE VIGIADA PARA FINS DE EXPULSÃO"
268,308,312,NULL,NULL,312,"PEDIDO DE PRISÃO"
268,308,1268,NULL,NULL,1268,"MEDIDAS PROTETIVAS DE URGÊNCIA (LEI MARIA DA PENHA)  - CRIMINAL"
268,308,10967,NULL,NULL,10967,"MEDIDAS DE PROTEÇÃO À PESSOA IDOSA - CRIMINAL"
268,308,11793,NULL,NULL,11793,"PRODUÇÃO ANTECIPADA DE PROVAS CRIMINAL"
268,308,11955,NULL,NULL,11955,"CAUTELAR INOMINADA CRIMINAL"
268,308,14734,NULL,NULL,14734,"MEDIDAS DE PROTEÇÃO - CRIANÇA E ADOLESCENTE (LEI 13.431) CRIMINAIS"
268,308,15170,NULL,NULL,15170,"MEDIDAS PROTETIVAS DE URGÊNCIA - CRIANÇAS E ADOLESCENTES (LEI HENRY BOREL - LEI 14.344/2022) CRIMINAIS"
268,308,NULL,NULL,NULL,308,"MEDIDAS CAUTELARES"
268,316,317,318,NULL,318,"EXCEÇÃO DE SUSPEIÇÃO"
268,316,317,319,NULL,319,"EXCEÇÃO DE INCOMPETÊNCIA DE JUÍZO"
268,316,317,320,NULL,320,"EXCEÇÃO DE LITISPENDÊNCIA"
268,316,317,321,NULL,321,"EXCEÇÃO DE ILEGITIMIDADE DE PARTE"
268,316,317,322,NULL,322,"EXCEÇÃO DE COISA JULGADA"
268,316,317,323,NULL,323,"EXCEÇÃO DE IMPEDIMENTO"
268,316,317,324,NULL,324,"EXCEÇÃO DA VERDADE"
268,316,317,NULL,NULL,317,"EXCEÇÕES"
268,316,326,NULL,NULL,326,"RESTITUIÇÃO DE COISAS APREENDIDAS"
268,316,327,NULL,NULL,327,"EMBARGOS DE TERCEIRO CRIMINAL"
268,316,328,329,NULL,329,"SEQÜESTRO"
268,316,328,330,NULL,330,"ARRESTO / HIPOTECA LEGAL"
268,316,328,NULL,NULL,328,"MEDIDAS ASSECURATÓRIAS"
268,316,331,325,NULL,325,"CONFLITO DE JURISDIÇÃO"
268,316,331,332,NULL,332,"INCIDENTE DE FALSIDADE"
268,316,331,333,NULL,333,"INSANIDADE MENTAL DO ACUSADO"
268,316,331,432,NULL,432,"DESAFORAMENTO DE JULGAMENTO"
268,316,331,433,NULL,433,"INCIDENTE DE UNIFORMIZAÇÃO DE JURISPRUDÊNCIA"
268,316,331,1178,NULL,1178,"INCIDENTE DE ARGUIÇÃO DE INCONSTITUCIONALIDADE CRIMINAL"
268,316,331,1291,NULL,1291,"REABILITAÇÃO"
268,316,331,1719,NULL,1719,"AVALIAÇÃO PARA ATESTAR DEPENDÊNCIA DE DROGAS"
268,316,331,11787,NULL,11787,"ASSISTÊNCIA JUDICIÁRIA"
268,316,331,11788,NULL,11788,"EXIBIÇÃO DE DOCUMENTO OU COISA CRIMINAL"
268,316,331,11789,NULL,11789,"IMPUGNAÇÃO AO VALOR DA CAUSA"
268,316,331,11790,NULL,11790,"IMPUGNAÇÃO DE ASSISTÊNCIA JUDICIÁRIA"
268,316,331,11791,NULL,11791,"PEDIDO DE UNIFORMIZAÇÃO DE INTERPRETAÇÃO DE LEI CRIMINAL"
268,316,331,12077,NULL,12077,"HOMOLOGAÇÃO EM ACORDO DE COLABORAÇÃO PREMIADA"
268,316,331,14678,NULL,14678,"ACORDO DE NÃO PERSECUÇÃO PENAL"
268,316,331,NULL,NULL,331,"INCIDENTES"
268,316,1715,NULL,NULL,1715,"EMBARGOS DO ACUSADO"
268,316,1717,NULL,NULL,1717,"ALIENAÇÃO DE BENS DO ACUSADO"
268,316,14123,NULL,NULL,14123,"DESTINAÇÃO DE BENS APREENDIDOS"
268,316,NULL,NULL,NULL,316,"QUESTÕES E PROCESSOS INCIDENTES"
268,334,335,NULL,NULL,335,"CARTA DE ORDEM CRIMINAL"
268,334,355,NULL,NULL,355,"CARTA PRECATÓRIA CRIMINAL"
268,334,375,NULL,NULL,375,"CARTA ROGATÓRIA CRIMINAL"
268,334,NULL,NULL,NULL,334,"CARTAS"
268,412,413,NULL,NULL,413,"AGRAVO DE EXECUÇÃO PENAL"
268,412,416,NULL,NULL,416,"APELAÇÃO EM MANDADO DE SEGURANÇA"
268,412,417,NULL,NULL,417,"APELAÇÃO CRIMINAL"
268,412,418,NULL,NULL,418,"CARTA TESTEMUNHÁVEL"
268,412,419,NULL,NULL,419,"CORREIÇÃO PARCIAL CRIMINAL"
268,412,420,NULL,NULL,420,"EMBARGOS DE DECLARAÇÃO CRIMINAL"
268,412,421,NULL,NULL,421,"EMBARGOS INFRINGENTES E DE NULIDADE"
268,412,422,NULL,NULL,422,"PROTESTO POR NOVO JÚRI"
268,412,424,NULL,NULL,424,"RECURSO DE MEDIDA CAUTELAR CRIMINAL"
268,412,425,NULL,NULL,425,"RECURSO DE SENTENÇA CRIMINAL"
268,412,426,NULL,NULL,426,"RECURSO EM SENTIDO ESTRITO"
268,412,427,NULL,NULL,427,"REMESSA NECESSÁRIA CRIMINAL"
268,412,428,NULL,NULL,428,"REVISÃO CRIMINAL"
268,412,1711,NULL,NULL,1711,"AGRAVO DE INSTRUMENTO EM RECURSO ESPECIAL"
268,412,1712,NULL,NULL,1712,"AGRAVO DE INSTRUMENTO EM RECURSO EXTRAORDINÁRIO"
268,412,1729,NULL,NULL,1729,"AGRAVO INTERNO CRIMINAL"
268,412,1730,NULL,NULL,1730,"RECURSO ORDINÁRIO CRIMINAL"
268,412,11398,NULL,NULL,11398,"RECURSO EM SENTIDO ESTRITO/RECURSO EX OFFICIO"
268,412,NULL,NULL,NULL,412,"RECURSOS"
268,1727,NULL,NULL,NULL,1727,"PETIÇÃO CRIMINAL"
268,NULL,NULL,NULL,NULL,268,"PROCESSO CRIMINAL"
385,386,NULL,NULL,NULL,386,"EXECUÇÃO DA PENA"
385,406,407,NULL,NULL,407,"CONVERSÃO DE PENA"
385,406,408,NULL,NULL,408,"EXCESSO OU DESVIO"
385,406,409,NULL,NULL,409,"ANISTIA"
385,406,410,NULL,NULL,410,"INDULTO"
385,406,411,NULL,NULL,411,"COMUTAÇÃO DE PENA"
385,406,1283,NULL,NULL,1283,"SUPERVENIÊNCIA DE DOENÇA MENTAL"
385,406,1284,NULL,NULL,1284,"UNIFICAÇÃO DE PENAS"
385,406,1288,NULL,NULL,1288,"TRANSFERÊNCIA ENTRE ESTABELECIMENTOS PENAIS"
385,406,11957,NULL,NULL,11957,"REMIÇÃO DE PENA"
385,406,12089,NULL,NULL,12089,"RENOVAÇÃO DE PERMANÊNCIA EM ESTABELECIMENTO PENAL FEDERAL"
385,406,12123,NULL,NULL,12123,"ROTEIRO DE PENA"
385,406,12124,NULL,NULL,12124,"ROTEIRO DE PENA"
385,406,12125,NULL,NULL,12125,"PROGRESSÃO DE REGIME"
385,406,12126,NULL,NULL,12126,"REGRESSÃO DE REGIME"
385,406,12127,NULL,NULL,12127,"REMIÇÃO"
385,406,12128,NULL,NULL,12128,"LIVRAMENTO CONDICIONAL"
385,406,12129,NULL,NULL,12129,"OUTROS INCIDENTES DE EXECUÇÃO INICIADOS DE OFÍCIO"
385,406,NULL,NULL,NULL,406,"INCIDENTES"
385,1714,NULL,NULL,NULL,1714,"EXECUÇÃO PROVISÓRIA"
385,11399,NULL,NULL,NULL,11399,"EXECUÇÃO DE MEDIDA DE SEGURANÇA"
385,12727,NULL,NULL,NULL,12727,"EXECUÇÃO DE PENA DE MULTA"
385,12728,NULL,NULL,NULL,12728,"TRANSFERÊNCIA ENTRE ESTABELECIMENTOS PENAIS"
385,12729,NULL,NULL,NULL,12729,"EXECUÇÃO DE MEDIDAS ALTERNATIVAS NO JUÍZO COMUM"
385,14696,NULL,NULL,NULL,14696,"EXECUÇÃO DE MEDIDAS ALTERNATIVAS NOS JUIZADOS ESPECIAIS"
385,NULL,NULL,NULL,NULL,385,"EXECUÇÃO PENAL E DE MEDIDAS ALTERNATIVAS"
547,1385,1386,1389,NULL,1389,"AÇÃO DE ALIMENTOS DE INFÂNCIA E JUVENTUDE"
547,1385,1386,1390,NULL,1390,"REVISÃO JUDICIAL DE DECISÃO DO CONSELHO TUTELAR"
547,1385,1386,1391,NULL,1391,"APURAÇÃO DE IRREGULARIDADES EM ENTIDADES DE ATENDIMENTO"
547,1385,1386,1392,NULL,1392,"APURAÇÃO DE INFRAÇÃO ADMINISTRATIVA ÀS NORMAS DE PROTEÇÃO À CRIANÇA OU ADOLESCENTE"
547,1385,1386,1396,NULL,1396,"TUTELA INFÂNCIA E JUVENTUDE"
547,1385,1386,1399,NULL,1399,"TUTELA C/C DESTITUIÇÃO DO PODER FAMILIAR"
547,1385,1386,1401,15191,15191,"ADOÇÃO PELO CADASTRO"
547,1385,1386,1401,15192,15192,"ADOÇÃO FORA DO CADASTRO"
547,1385,1386,1401,15193,15193,"ADOÇÃO FORA DO CADASTRO C/C DESTITUIÇÃO DO PODER FAMILIAR"
547,1385,1386,1401,NULL,1401,"ADOÇÃO"
547,1385,1386,1412,NULL,1412,"ADOÇÃO C/C DESTITUIÇÃO DO PODER FAMILIAR"
547,1385,1386,1414,NULL,1414,"SUPRIMENTO DE CAPACIDADE OU DE CONSENTIMENTO PARA CASAR"
547,1385,1386,1415,NULL,1415,"EMANCIPAÇÃO"
547,1385,1386,1417,NULL,1417,"REGULARIZAÇÃO DE REGISTRO CIVIL"
547,1385,1386,1420,NULL,1420,"GUARDA DE INFÂNCIA E JUVENTUDE"
547,1385,1386,1424,NULL,1424,"PROVIDÊNCIA"
547,1385,1386,1425,NULL,1425,"PRESTAÇÃO DE CONTAS INFÂNCIA E JUVENTUDE"
547,1385,1386,1426,NULL,1426,"PERDA OU SUSPENSÃO DO PODER FAMILIAR"
547,1385,1386,1690,NULL,1690,"AÇÃO CIVIL PÚBLICA INFÂNCIA E JUVENTUDE"
547,1385,1386,1691,NULL,1691,"MANDADO DE SEGURANÇA INFÂNCIA E JUVENTUDE CÍVEL"
547,1385,1386,1703,NULL,1703,"AUTORIZAÇÃO JUDICIAL"
547,1385,1386,1704,NULL,1704,"EMBARGOS DE TERCEIRO INFÂNCIA E JUVENTUDE"
547,1385,1386,1705,NULL,1705,"REMOÇÃO, MODIFICAÇÃO  E DISPENSA DE TUTOR OU CURADOR"
547,1385,1386,1706,NULL,1706,"PROCEDIMENTO COMUM INFÂNCIA E JUVENTUDE"
547,1385,1386,10933,NULL,10933,"HABILITAÇÃO PARA ADOÇÃO"
547,1385,1386,12070,NULL,12070,"PEDIDO DE MEDIDA DE PROTEÇÃO"
547,1385,1386,12076,NULL,12076,"RESTABELECIMENTO DO PODER FAMILIAR"
547,1385,1386,12230,NULL,12230,"GUARDA C/C DESTITUIÇÃO DO PODER FAMILIAR"
547,1385,1386,15140,NULL,15140,"ENTREGA VOLUNTÁRIA"
547,1385,1386,15190,NULL,15190,"DESTITUIÇÃO DO PODER FAMILIAR"
547,1385,1386,15194,NULL,15194,"SUSPENSÃO DO PODER FAMILIAR"
547,1385,1386,NULL,NULL,1386,"PROCESSO DE CONHECIMENTO"
547,1385,1430,1432,NULL,1432,"EXECUÇÃO DE ALIMENTOS INFÂNCIA E JUVENTUDE"
547,1385,1430,1434,NULL,1434,"EXECUÇÃO DE MEDIDA DE PROTEÇÃO À CRIANÇA E ADOLESCENTE"
547,1385,1430,1435,NULL,1435,"EXECUÇÃO DE MULTA"
547,1385,1430,NULL,NULL,1430,"PROCESSO DE EXECUÇÃO"
547,1385,1436,1438,NULL,1438,"BUSCA E APREENSÃO INFÂNCIA E JUVENTUDE"
547,1385,1436,1440,NULL,1440,"CAUTELAR INOMINADA INFÂNCIA E JUVENTUDE"
547,1385,1436,NULL,NULL,1436,"PROCESSOS CAUTELARES"
547,1385,1450,1451,NULL,1451,"CARTA DE ORDEM INFÂNCIA E JUVENTUDE"
547,1385,1450,1455,NULL,1455,"CARTA PRECATÓRIA INFÂNCIA E JUVENTUDE"
547,1385,1450,NULL,NULL,1450,"CARTAS"
547,1385,10969,10970,NULL,10970,"CONFLITO DE COMPETÊNCIA INFÂNCIA E JUVENTUDE"
547,1385,10969,10971,10975,10975,"EXCEÇÃO DE IMPEDIMENTO INFÂNCIA E JUVENTUDE"
547,1385,10969,10971,10976,10976,"EXCEÇÃO DE INCOMPETÊNCIA INFÂNCIA E JUVENTUDE"
547,1385,10969,10971,10977,10977,"EXCEÇÃO DE SUSPEIÇÃO INFÂNCIA E JUVENTUDE"
547,1385,10969,10971,NULL,10971,"EXCEÇÕES"
547,1385,10969,10972,NULL,10972,"EXIBIÇÃO DE DOCUMENTO OU COISA INFÂNCIA E JUVENTUDE"
547,1385,10969,10973,NULL,10973,"IMPUGNAÇÃO AO VALOR DA CAUSA INFÂNCIA E JUVENTUDE"
547,1385,10969,10974,NULL,10974,"INCIDENTE DE FALSIDADE INFÂNCIA E JUVENTUDE"
547,1385,10969,12386,NULL,12386,"INCIDENTE DE IMPEDIMENTO INFÂNCIA E JUVENTUDE"
547,1385,10969,12388,NULL,12388,"INCIDENTE DE SUSPEIÇÃO INFÂNCIA E JUVENTUDE"
547,1385,10969,NULL,NULL,10969,"INCIDENTES"
547,1385,11026,NULL,NULL,11026,"PETIÇÃO INFÂNCIA E JUVENTUDE CÍVEL"
547,1385,NULL,NULL,NULL,1385,"SEÇÃO CÍVEL"
547,1459,1460,1461,NULL,1461,"AUTO DE APREENSÃO EM FLAGRANTE"
547,1459,1460,1462,NULL,1462,"RELATÓRIO DE INVESTIGAÇÕES"
547,1459,1460,1463,NULL,1463,"BOLETIM DE OCORRÊNCIA CIRCUNSTANCIADA"
547,1459,1460,11976,NULL,11976,"PEDIDO DE BUSCA E APREENSÃO INFRACIONAL"
547,1459,1460,NULL,NULL,1460,"PROCEDIMENTOS INVESTIGATÓRIOS"
547,1459,1464,NULL,NULL,1464,"PROCESSO DE APURAÇÃO DE ATO INFRACIONAL"
547,1459,1465,1466,NULL,1466,"INTERNAÇÃO COM ATIVIDADES EXTERNAS"
547,1459,1465,1467,NULL,1467,"INTERNAÇÃO SEM ATIVIDADES EXTERNAS"
547,1459,1465,1468,NULL,1468,"SEMILIBERDADE"
547,1459,1465,1469,NULL,1469,"LIBERDADE ASSISTIDA"
547,1459,1465,1470,NULL,1470,"PRESTAÇÃO DE SERVIÇOS A COMUNIDADE"
547,1459,1465,1471,NULL,1471,"OBRIGAÇÃO DE REPARAR O DANO"
547,1459,1465,1472,NULL,1472,"ADVERTÊNCIA"
547,1459,1465,NULL,NULL,1465,"EXECUÇÃO DE MEDIDAS SOCIOEDUCATIVAS"
547,1459,1473,1474,NULL,1474,"CARTA DE ORDEM INFRACIONAL"
547,1459,1473,1478,NULL,1478,"CARTA PRECATÓRIA INFRACIONAL"
547,1459,1473,NULL,NULL,1473,"CARTAS"
547,1459,10960,NULL,NULL,10960,"INCIDENTE DE SANIDADE MENTAL"
547,1459,10979,NULL,NULL,10979,"PETIÇÃO INFRACIONAL"
547,1459,11794,NULL,NULL,11794,"RESTITUIÇÃO DE COISAS APREENDIDAS INFRACIONAL"
547,1459,12071,12072,NULL,12072,"BUSCA E APREENSÃO INFRACIONAL"
547,1459,12071,12073,NULL,12073,"INTERNAÇÃO PROVISÓRIA"
547,1459,12071,12423,NULL,12423,"MEDIDAS PROTETIVAS DE URGÊNCIA (LEI MARIA DA PENHA) - INFRACIONAL"
547,1459,12071,12424,NULL,12424,"MEDIDAS DE PROTEÇÃO À PESSOA IDOSA - INFRACIONAL"
547,1459,12071,15171,NULL,15171,"MEDIDAS PROTETIVAS DE URGÊNCIA - CRIANÇAS E ADOLESCENTES (LEI HENRY BOREL - LEI 14.344/2022) INFRACIONAIS"
547,1459,12071,15172,NULL,15172,"MEDIDAS DE PROTEÇÃO - CRIANÇA E ADOLESCENTE (LEI 13.431) INFRACIONAIS"
547,1459,12071,NULL,NULL,12071,"PROCEDIMENTOS CAUTELARES"
547,1459,12074,NULL,NULL,12074,"PEDIDO DE DESINTERNAÇÃO/REAVALIAÇÃO/SUBSTITUIÇÃO/SUSPENSÃO DA MEDIDA"
547,1459,12120,NULL,NULL,12120,"AGRAVO EM EXECUÇÃO DE MEDIDAS SÓCIO-EDUCATIVAS"
547,1459,NULL,NULL,NULL,1459,"SEÇÃO INFRACIONAL"
547,15195,14676,NULL,NULL,14676,"PEDIDO DE INCLUSÃO NO CADASTRO DE PROGRAMA DE APADRINHAMENTO"
547,15195,15196,NULL,NULL,15196,"INSPEÇÃO"
547,15195,NULL,NULL,NULL,15195,"SEÇÃO ADMINISTRATIVA"
547,NULL,NULL,NULL,NULL,547,"PROCEDIMENTOS DE INFÂNCIA E JUVENTUDE"
1198,88,NULL,NULL,NULL,88,"CORREIÇÃO PARCIAL OU RECLAMAÇÃO CORREICIONAL"
1198,256,NULL,NULL,NULL,256,"REPRESENTAÇÃO POR EXCESSO DE PRAZO"
1198,1199,NULL,NULL,NULL,1199,"PEDIDO DE PROVIDÊNCIAS"
1198,1262,NULL,NULL,NULL,1262,"PROCESSO ADMINISTRATIVO DISCIPLINAR EM FACE DE SERVIDOR"
1198,1264,NULL,NULL,NULL,1264,"PROCESSO ADMINISTRATIVO DISCIPLINAR EM FACE DE MAGISTRADO"
1198,1265,NULL,NULL,NULL,1265,"PRECATÓRIO"
1198,1266,NULL,NULL,NULL,1266,"REQUISIÇÃO DE PEQUENO VALOR"
1198,1298,NULL,NULL,NULL,1298,"PROCESSO ADMINISTRATIVO"
1198,1299,NULL,NULL,NULL,1299,"RECURSO ADMINISTRATIVO"
1198,1301,NULL,NULL,NULL,1301,"RECLAMAÇÃO DISCIPLINAR"
1198,1303,NULL,NULL,NULL,1303,"CORREIÇÃO EXTRAORDINÁRIA"
1198,1304,NULL,NULL,NULL,1304,"INSPEÇÃO"
1198,1306,NULL,NULL,NULL,1306,"RECURSO EM PROCESSO ADMINISTRATIVO DISCIPLINAR EM FACE DE SERVIDOR"
1198,1307,NULL,NULL,NULL,1307,"CORREIÇÃO ORDINÁRIA"
1198,1308,NULL,NULL,NULL,1308,"SINDICÂNCIA"
1198,1680,NULL,NULL,NULL,1680,"CONSULTA ADMINISTRATIVA"
1198,11887,NULL,NULL,NULL,11887,"ACOMPANHAMENTO DE CUMPRIMENTO DE DECISÃO"
1198,11888,NULL,NULL,NULL,11888,"ATO NORMATIVO"
1198,11889,NULL,NULL,NULL,11889,"NOTA TÉCNICA"
1198,11890,NULL,NULL,NULL,11890,"PARECER DE MÉRITO SOBRE ANTEPROJETO DE LEI"
1198,11891,NULL,NULL,NULL,11891,"PROCEDIMENTO DE CONTROLE ADMINISTRATIVO"
1198,11892,NULL,NULL,NULL,11892,"REVISÃO DISCIPLINAR"
1198,11893,NULL,NULL,NULL,11893,"RECLAMAÇÃO PARA GARANTIA DAS DECISÕES"
1198,11894,NULL,NULL,NULL,11894,"COMISSÃO"
1198,11953,NULL,NULL,NULL,11953,"ARGUIÇÃO DE SUSPEIÇÃO E DE IMPEDIMENTO"
1198,12248,NULL,NULL,NULL,12248,"PEDIDO DE COOPERAÇÃO JUDICIÁRIA"
1198,15239,NULL,NULL,NULL,15239,"PROPOSTA DE ANTEPROJETO DE LEI"
1198,15240,NULL,NULL,NULL,15240,"AUDITORIA"
1198,15241,NULL,NULL,NULL,15241,"AVALIAÇÃO DE OBRAS"
1198,15242,NULL,NULL,NULL,15242,"PEDIDO DE ESCLARECIMENTO"
1198,15243,NULL,NULL,NULL,15243,"MONITORAMENTO DE AUDITORIAS E OBRAS"
1198,NULL,NULL,NULL,NULL,1198,"PROCEDIMENTOS ADMINISTRATIVOS"
1310,1311,NULL,NULL,NULL,1311,"AÇÃO CAUTELAR"
1310,1312,NULL,NULL,NULL,1312,"AÇÃO  ORIGINÁRIA"
1310,1313,NULL,NULL,NULL,1313,"AÇÃO DECLARATÓRIA DE CONSTITUCIONALIDADE"
1310,1314,NULL,NULL,NULL,1314,"AÇÃO DIRETA DE INCONSTITUCIONALIDADE"
1310,1315,NULL,NULL,NULL,1315,"AÇÃO CÍVEL ORIGINÁRIA"
1310,1316,NULL,NULL,NULL,1316,"AÇÃO ORIGINÁRIA ESPECIAL"
1310,1317,NULL,NULL,NULL,1317,"AÇÃO PENAL"
1310,1318,NULL,NULL,NULL,1318,"AÇÃO RESCISÓRIA"
1310,1319,NULL,NULL,NULL,1319,"AGRAVO INTERNO"
1310,1320,NULL,NULL,NULL,1320,"AGRAVO DE INSTRUMENTO"
1310,1321,NULL,NULL,NULL,1321,"AGRAVO REGIMENTAL"
1310,1322,NULL,NULL,NULL,1322,"ARGUIÇÃO DE DESCUMPRIMENTO DE PRECEITO FUNDAMENTAL"
1310,1323,NULL,NULL,NULL,1323,"ARGUIÇÃO DE SUSPEIÇÃO"
1310,1324,NULL,NULL,NULL,1324,"CARTA ROGATÓRIA"
1310,1325,NULL,NULL,NULL,1325,"COMUNICAÇÃO"
1310,1326,NULL,NULL,NULL,1326,"CONFLITO DE COMPETÊNCIA"
1310,1327,NULL,NULL,NULL,1327,"EMBARGOS DE DECLARAÇÃO"
1310,1328,NULL,NULL,NULL,1328,"EMBARGOS DIVERGENTES"
1310,1329,NULL,NULL,NULL,1329,"EMBARGOS INFRINGENTES"
1310,1330,NULL,NULL,NULL,1330,"EXTRADIÇÃO"
1310,1331,NULL,NULL,NULL,1331,"HABEAS CORPUS"
1310,1332,NULL,NULL,NULL,1332,"HABEAS DATA"
1310,1333,NULL,NULL,NULL,1333,"INQUERITO"
1310,1334,NULL,NULL,NULL,1334,"INTERVENÇÃO FEDERAL"
1310,1335,NULL,NULL,NULL,1335,"MANDADO DE INJUNÇÃO"
1310,1336,NULL,NULL,NULL,1336,"MANDADO DE SEGURANÇA"
1310,1337,NULL,NULL,NULL,1337,"MEDIDA CAUTELAR"
1310,1338,NULL,NULL,NULL,1338,"PETIÇÃO"
1310,1339,NULL,NULL,NULL,1339,"PRISÃO PREVENTIVA PARA EXTRADIÇÃO"
1310,1340,NULL,NULL,NULL,1340,"PROCESSO ADMINISTRATIVO"
1310,1341,NULL,NULL,NULL,1341,"QUESTÃO DE ORDEM"
1310,1342,NULL,NULL,NULL,1342,"RECLAMAÇÃO"
1310,1343,NULL,NULL,NULL,1343,"RECURSO CRIMINAL"
1310,1344,NULL,NULL,NULL,1344,"RECURSO EM HABEAS CORPUS"
1310,1345,NULL,NULL,NULL,1345,"RECURSO EM HABEAS DATA"
1310,1346,NULL,NULL,NULL,1346,"RECURSO EM MANDADO DE INJUNÇÃO"
1310,1347,NULL,NULL,NULL,1347,"RECURSO EM MANDADO DE SEGURANÇA"
1310,1348,NULL,NULL,NULL,1348,"RECURSO EXTRAORDINÁRIO"
1310,1349,NULL,NULL,NULL,1349,"REVISÃO CRIMINAL"
1310,1350,NULL,NULL,NULL,1350,"SENTENÇA ESTRANGEIRA"
1310,1351,NULL,NULL,NULL,1351,"SENTENÇA ESTRANGEIRA CONTESTADA"
1310,1352,NULL,NULL,NULL,1352,"SUSPENSÃO DE LIMINAR"
1310,1353,NULL,NULL,NULL,1353,"SUSPENSÃO DE SEGURANÇA"
1310,1354,NULL,NULL,NULL,1354,"SUSPENSÃO DE TUTELA PROVISÓRIA"
1310,1355,1356,NULL,NULL,1356,"AÇÃO ORDINÁRIA REGRESSIVA"
1310,1355,1357,NULL,NULL,1357,"AÇÃO REGRESSIVA"
1310,1355,1358,NULL,NULL,1358,"APELAÇÃO CÍVEL"
1310,1355,1359,NULL,NULL,1359,"APELAÇÃO CRIMINAL"
1310,1355,1360,NULL,NULL,1360,"ARGUIÇÃO DE RELEVÂNCIA"
1310,1355,1361,NULL,NULL,1361,"CARTA TESTEMUNHÁVEL"
1310,1355,1362,NULL,NULL,1362,"CONFLITO DE ATRIBUIÇÕES"
1310,1355,1363,NULL,NULL,1363,"CONFLITO DE JURISDIÇÃO"
1310,1355,1364,NULL,NULL,1364,"DENÚNCIA"
1310,1355,1365,NULL,NULL,1365,"EMBARGOS REMETIDOS"
1310,1355,1366,NULL,NULL,1366,"EXCEÇÃO DA VERDADE"
1310,1355,1367,NULL,NULL,1367,"EXCEÇÃO DE SUSPEIÇÃO"
1310,1355,1368,NULL,NULL,1368,"INQUÉRITO ADMINISTRATIVO"
1310,1355,1369,NULL,NULL,1369,"INQUÉRITO POLICIAL"
1310,1355,1370,NULL,NULL,1370,"INQUÉRITO POLICIAL ESPECIAL"
1310,1355,1371,NULL,NULL,1371,"INTERPELAÇÃO"
1310,1355,1372,NULL,NULL,1372,"LIQUIDAÇÃO DE SENTENÇA"
1310,1355,1373,NULL,NULL,1373,"NOTIFICAÇÃO"
1310,1355,1374,NULL,NULL,1374,"PEDIDO DE AVOCAÇÃO"
1310,1355,1375,NULL,NULL,1375,"PROCESSO CRIME"
1310,1355,1376,NULL,NULL,1376,"PROCESSO JUDICIAL"
1310,1355,1377,NULL,NULL,1377,"QUEIXA CRIME"
1310,1355,1378,NULL,NULL,1378,"RECURSO DE APREENSÃO DE LIVRO"
1310,1355,1379,NULL,NULL,1379,"RECURSO DE LIQUIDAÇÃO DE SENTENÇA"
1310,1355,1380,NULL,NULL,1380,"RECURSO DE REVISTA"
1310,1355,1381,NULL,NULL,1381,"REPRESENTAÇÃO"
1310,1355,1382,NULL,NULL,1382,"RETIFICAÇÃO DE NOME ESTRANGEIRO"
1310,1355,1383,NULL,NULL,1383,"SENTENÇA ARBITRAL"
1310,1355,1384,NULL,NULL,1384,"SUSPENSÃO DE DIREITOS"
1310,1355,NULL,NULL,NULL,1355,"SIGLAS DOS PROCESSOS EXTINTOS"
1310,11880,NULL,NULL,NULL,11880,"RECURSO EXTRAORDINÁRIO COM AGRAVO"
1310,12117,NULL,NULL,NULL,12117,"SUSPENSÃO DO INCIDENTE DE RESOLUÇÃO DE DEMANDAS REPETITIVAS"
1310,12190,NULL,NULL,NULL,12190,"SUSPENSÃO NACIONAL DO INCIDENTE DE RESOLUÇÃO DE DEMANDAS REPETITIVAS"
1310,12191,NULL,NULL,NULL,12191,"TUTELA PROVISÓRIA ANTECEDENTE"
1310,12192,NULL,NULL,NULL,12192,"TUTELA PROVISÓRIA INCIDENTAL"
1310,12249,NULL,NULL,NULL,12249,"SUSPENSÃO EM IRDR"
1310,12775,NULL,NULL,NULL,12775,"AÇÃO DIRETA DE INCONSTITUCIONALIDADE POR OMISSÃO"
1310,12776,NULL,NULL,NULL,12776,"ARGUIÇÃO DE IMPEDIMENTO"
1310,12777,NULL,NULL,NULL,12777,"EXCEÇÃO DE INCOMPETÊNCIA"
1310,12778,NULL,NULL,NULL,12778,"EXCEÇÃO DE LITISPENDÊNCIA"
1310,12779,NULL,NULL,NULL,12779,"PROPOSTA DE SÚMULA VINCULANTE"
1310,12780,NULL,NULL,NULL,12780,"ADMISSÃO DE ASSISTENTE"
1310,12781,NULL,NULL,NULL,12781,"IMPUGNAÇÃO AO VALOR DA CAUSA"
1310,12782,NULL,NULL,NULL,12782,"INCIDENTE DE FALSIDADE"
1310,12783,NULL,NULL,NULL,12783,"OPOSIÇÃO"
1310,12784,NULL,NULL,NULL,12784,"SUSPEIÇÃO DE PERITO"
1310,12785,NULL,NULL,NULL,12785,"EMBARGOS À EXECUÇÃO"
1310,12786,12787,NULL,NULL,12787,"EXECUÇÃO CONTRA A FAZENDA PÚBLICA"
1310,12786,NULL,NULL,NULL,12786,"CUMPRIMENTO DE SENTENÇA"
1310,12788,NULL,NULL,NULL,12788,"EXECUÇÃO CONTRA A FAZENDA PÚBLICA"
1310,12789,NULL,NULL,NULL,12789,"EXECUÇÃO DE PENA"
1310,12790,NULL,NULL,NULL,12790,"EXTENSÃO"
1310,12791,NULL,NULL,NULL,12791,"INCIDENTE DE ASSUNÇÃO DE COMPETÊNCIA"
1310,NULL,NULL,NULL,NULL,1310,"SUPREMO TRIBUNAL FEDERAL"
11028,11029,11034,NULL,NULL,11034,"CONSELHO DE JUSTIFICAÇÃO"
11028,11029,11035,NULL,NULL,11035,"REPRESENTAÇÃO P/ DECLARAÇÃO DE INDIGNIDADE/INCOMPATIBILIDADE"
11028,11029,11036,NULL,NULL,11036,"REPRESENTAÇÃO P/ PERDA DA GRADUAÇÃO"
11028,11029,NULL,NULL,NULL,11029,"PROCEDIMENTOS ESPECIAIS PREVISTOS EM LEIS ESPARSAS"
11028,11030,11031,11042,NULL,11042,"CORREIÇÃO PARCIAL MILITAR"
11028,11030,11031,11043,11045,11045,"DESERÇÃO DE OFICIAL"
11028,11030,11031,11043,11046,11046,"DESERÇÃO DE PRAÇA"
11028,11030,11031,11043,11553,11553,"INSTRUÇÃO PROVISÓRIA DE DESERÇÃO"
11028,11030,11031,11043,NULL,11043,"DESERÇÃO"
11028,11030,11031,11044,NULL,11044,"INSUBMISSÃO"
11028,11030,11031,NULL,NULL,11031,"PROCEDIMENTO ESPECIAL"
11028,11030,11032,11041,NULL,11041,"INQUÉRITO POLICIAL MILITAR"
11028,11030,11032,11799,NULL,11799,"INSTRUÇÃO PROVISÓRIA DE INSUBMISSÃO"
11028,11030,11032,11800,NULL,11800,"INSTRUÇÃO PROVISÓRIA DE DESERÇÃO"
11028,11030,11032,NULL,NULL,11032,"PROCEDIMENTOS INVESTIGATÓRIOS"
11028,11030,11033,11038,NULL,11038,"EMBARGOS EM AÇÃO PENAL MILITAR"
11028,11030,11033,11039,NULL,11039,"RECLAMAÇÃO MILITAR"
11028,11030,11033,11040,NULL,11040,"RECURSO INOMINADO MILITAR"
11028,11030,11033,NULL,NULL,11033,"RECURSOS"
11028,11030,11037,NULL,NULL,11037,"AÇÃO PENAL MILITAR - PROCEDIMENTO ORDINÁRIO"
11028,11030,NULL,NULL,NULL,11030,"PROCESSO CRIMINAL"
11028,15321,NULL,NULL,NULL,15321,"REVISÃO JUDICIAL - RDII"
11028,NULL,NULL,NULL,NULL,11028,"PROCESSO MILITAR"
11099,11875,NULL,NULL,NULL,11875,"RECLAMAÇÃO PRÉ-PROCESSUAL"
11099,12136,NULL,NULL,NULL,12136,"PEDIDO DE MEDIAÇÃO PRÉ-PROCESSUAL"
11099,12613,NULL,NULL,NULL,12613,"PEDIDO DE CONCILIAÇÃO PRÉ-PROCESSUAL"
11099,NULL,NULL,NULL,NULL,11099,"PROCEDIMENTOS PRÉ-PROCESSUAIS DE RESOLUÇÃO CONSENSUAL DE CONFLITOS"
11427,11525,11526,NULL,NULL,11526,"AÇÃO DE IMPUGNAÇÃO DE MANDATO ELETIVO"
11427,11525,11527,NULL,NULL,11527,"AÇÃO DE INVESTIGAÇÃO JUDICIAL ELEITORAL"
11427,11525,12059,NULL,NULL,12059,"SUSPENSÃO DE SEGURANÇA - ELEITORAL"
11427,11525,12060,NULL,NULL,12060,"INCIDENTE DE IMPEDIMENTO/SUSPEIÇÃO"
11427,11525,12061,NULL,NULL,12061,"AÇÃO CAUTELAR"
11427,11525,12627,NULL,NULL,12627,"AÇÃO RESCISÓRIA ELEITORAL"
11427,11525,15303,NULL,NULL,15303,"REPRESENTAÇÃO EM PROPAGANDA PARTIDÁRIA"
11427,11525,NULL,NULL,NULL,11525,"PROCESSOS CÍVEIS-ELEITORAIS"
11427,11528,NULL,NULL,NULL,11528,"AÇÃO PENAL ELEITORAL"
11427,11529,11530,NULL,NULL,11530,"APURAÇÃO DE ELEIÇÃO"
11427,11529,11531,NULL,NULL,11531,"PRESTAÇÃO DE CONTAS"
11427,11529,11532,NULL,NULL,11532,"REGISTRO DE CANDIDATURA"
11427,11529,11533,NULL,NULL,11533,"RECURSO CONTRA EXPEDIÇÃO DE DIPLOMA"
11427,11529,11538,NULL,NULL,11538,"REGISTRO DE COMITÊ FINANCEIRO"
11427,11529,11541,NULL,NULL,11541,"REPRESENTAÇÃO"
11427,11529,12193,NULL,NULL,12193,"PRESTAÇÃO DE CONTAS ELEITORAIS"
11427,11529,12550,NULL,NULL,12550,"COMPOSIÇÃO DE MESA RECEPTORA"
11427,11529,12555,NULL,NULL,12555,"IMPUGNAÇÃO À COMPOSIÇÃO DE JUNTA ELEITORAL"
11427,11529,12556,NULL,NULL,12556,"IMPUGNAÇÃO PERANTE AS JUNTAS ELEITORAIS"
11427,11529,12558,NULL,NULL,12558,"REGISTRO DE DEBATES"
11427,11529,12561,NULL,NULL,12561,"NOTÍCIA DE IRREGULARIDADE EM PROPAGANDA ELEITORAL"
11427,11529,12625,NULL,NULL,12625,"DIREITO DE RESPOSTA"
11427,11529,12630,NULL,NULL,12630,"REPRESENTAÇÃO ESPECIAL"
11427,11529,12633,NULL,NULL,12633,"REQUERIMENTO DE REGULARIZAÇÃO DE OMISSÃO DE PRESTAÇÃO DE CONTAS ELEITORAIS"
11427,11529,15323,NULL,NULL,15323,"RECLAMAÇÃO ADMINISTRATIVA ELEITORAL"
11427,11529,NULL,NULL,NULL,11529,"PROCEDIMENTOS RELATIVOS A REALIZAÇÃO DE ELEIÇÃO"
11427,11534,11535,NULL,NULL,11535,"CANCELAMENTO DE REGISTRO DE PARTIDO POLÍTICO"
11427,11534,11536,NULL,NULL,11536,"PROPAGANDA PARTIDÁRIA"
11427,11534,11537,NULL,NULL,11537,"REGISTRO DE ÓRGÃO DE PARTIDO POLÍTICO EM FORMAÇÃO"
11427,11534,11539,NULL,NULL,11539,"REGISTRO DE PARTIDO POLÍTICO"
11427,11534,12377,NULL,NULL,12377,"PRESTAÇÃO DE CONTAS ANUAL"
11427,11534,12554,NULL,NULL,12554,"FILIAÇÃO PARTIDÁRIA"
11427,11534,12560,NULL,NULL,12560,"LISTA DE APOIAMENTO PARA CRIAÇÃO DE PARTIDO POLÍTICO"
11427,11534,12628,NULL,NULL,12628,"AÇÃO DE JUSTIFICAÇÃO DE DESFILIAÇÃO PARTIDÁRIA/PERDA DE CARGO ELETIVO"
11427,11534,12629,NULL,NULL,12629,"PEDIDO DE NOVAS ELEIÇÕES"
11427,11534,12631,NULL,NULL,12631,"REQUERIMENTO DE REGULARIZAÇÃO DE OMISSÃO DE PRESTAÇÃO DE CONTAS ANUAL"
11427,11534,12632,NULL,NULL,12632,"REQUERIMENTO DE REGULARIZAÇÃO DE OMISSÃO DE PRESTAÇÃO DE CONTAS ANUAL"
11427,11534,14208,NULL,NULL,14208,"SUSPENSÃO DE ÓRGÃO PARTIDÁRIO"
11427,11534,15011,NULL,NULL,15011,"REGISTRO DE FEDERAÇÃO PARTIDÁRIA"
11427,11534,NULL,NULL,NULL,11534,"PROCEDIMENTOS RELATIVOS A PARTIDOS POLÍTICOS"
11427,11540,11542,NULL,NULL,11542,"CORREIÇÃO"
11427,11540,11543,NULL,NULL,11543,"CRIAÇÃO DE ZONA ELEITORAL OU REMANEJAMENTO"
11427,11540,11544,NULL,NULL,11544,"INSTRUÇÃO"
11427,11540,11545,NULL,NULL,11545,"LISTA TRÍPLICE"
11427,11540,11546,NULL,NULL,11546,"REVISÃO DE ELEITORADO"
11427,11540,12549,NULL,NULL,12549,"CANCELAMENTO DE INSCRIÇÃO ELEITORAL (CIE)"
11427,11540,12551,NULL,NULL,12551,"DESCARTE DE MATERIAL"
11427,11540,12553,NULL,NULL,12553,"DUPLICIDADE/PLURALIDADE DE INSCRIÇÕES - COINCIDÊNCIAS"
11427,11540,12557,NULL,NULL,12557,"RECURSO/IMPUGNAÇÃO DE ALISTAMENTO ELEITORAL"
11427,11540,12559,NULL,NULL,12559,"REGULARIZAÇÃO DE SITUAÇÃO DO ELEITOR"
11427,11540,12562,NULL,NULL,12562,"PET-ADM"
11427,11540,NULL,NULL,NULL,11540,"PROCEDIMENTOS ADMINISTRATIVOS DA JUSTIÇA ELEITORAL"
11427,11547,11548,NULL,NULL,11548,"RECURSO ELEITORAL"
11427,11547,11549,NULL,NULL,11549,"RECURSO ESPECIAL ELEITORAL"
11427,11547,11550,NULL,NULL,11550,"RECURSO ORDINÁRIO ELEITORAL"
11427,11547,12057,NULL,NULL,12057,"REEXAME NECESSÁRIO ELEITORAL"
11427,11547,12626,NULL,NULL,12626,"AGRAVO EM RECURSO ESPECIAL ELEITORAL"
11427,11547,14209,NULL,NULL,14209,"RECURSO CRIMINAL ELEITORAL"
11427,11547,15090,NULL,NULL,15090,"RECURSO"
11427,11547,NULL,NULL,NULL,11547,"RECURSOS ELEITORAIS"
11427,11551,NULL,NULL,NULL,11551,"CONSULTA"
11427,11552,NULL,NULL,NULL,11552,"PEDIDO DE DESAFORAMENTO"
11427,12058,NULL,NULL,NULL,12058,"SUSPENSÃO DE SEGURANÇA"
11427,12464,12465,NULL,NULL,12465,"PETIÇÃO CORREGEDORIA"
11427,12464,12466,NULL,NULL,12466,"INQUÉRITO ADMINISTRATIVO"
11427,12464,NULL,NULL,NULL,12464,"CORREGEDORIA ELEITORAL"
11427,12552,NULL,NULL,NULL,12552,"DIREITOS POLÍTICOS"
11427,NULL,NULL,NULL,NULL,11427,"PROCESSO ELEITORAL"
